{
    "accuracy": 0.7253012048192771,
    "precision": 0.8027210884353742,
    "recall": 0.5812807881773399,
    "auc": 0.8168946928153175
}
